#Release 13.4 - par O.87xd (nt64)
#Copyright (c) 1995-2011 Xilinx, Inc.  All rights reserved.

#Sat Oct 26 17:18:35 2019

#
## NOTE: This file is designed to be imported into a spreadsheet program
# such as Microsoft Excel for viewing, printing and sorting. The |
# character is used as the data field separator. This file is also designed
# to support parsing.
#
#INPUT FILE:       ce_top_map.ncd
#OUTPUT FILE:      ce_top_pad.csv
#PART TYPE:        xc3s250e
#SPEED GRADE:      -5
#PACKAGE:          tq144
#
# Pinout by Pin Number:
# 
# -----,-----,-----,-----,-----,-----,-----,-----,-----,-----,-----,-----,-----,-----,-----,
Pin Number,Signal Name,Pin Usage,Pin Name,Direction,IO Standard,IO Bank Number,Drive (mA),Slew Rate,Termination,IOB Delay,Voltage,Constraint,IO Register,Signal Integrity,
P1,,,PROG_B,,,,,,,,,,,,
P2,,DIFFM,IO_L01P_3,UNUSED,,3,,,,,,,,,
P3,,DIFFS,IO_L01N_3,UNUSED,,3,,,,,,,,,
P4,,DIFFM,IO_L02P_3,UNUSED,,3,,,,,,,,,
P5,,DIFFS,IO_L02N_3/VREF_3,UNUSED,,3,,,,,,,,,
P6,s<0>,IBUF,IP,INPUT,LVCMOS25*,3,,,,NONE,,LOCATED,NO,NONE,
P7,,DIFFM,IO_L03P_3,UNUSED,,3,,,,,,,,,
P8,,DIFFS,IO_L03N_3,UNUSED,,3,,,,,,,,,
P9,,,VCCINT,,,,,,,,1.2,,,,
P10,,IBUF,IP,UNUSED,,3,,,,,,,,,
P11,,,GND,,,,,,,,,,,,
P12,,IBUF,IP/VREF_3,UNUSED,,3,,,,,,,,,
P13,,,VCCO_3,,,3,,,,,2.50,,,,
P14,,DIFFM,IO_L04P_3/LHCLK0,UNUSED,,3,,,,,,,,,
P15,,DIFFS,IO_L04N_3/LHCLK1,UNUSED,,3,,,,,,,,,
P16,,DIFFM,IO_L05P_3/LHCLK2,UNUSED,,3,,,,,,,,,
P17,,DIFFS,IO_L05N_3/LHCLK3/IRDY2,UNUSED,,3,,,,,,,,,
P18,,IBUF,IP,UNUSED,,3,,,,,,,,,
P19,,,GND,,,,,,,,,,,,
P20,,DIFFM,IO_L06P_3/LHCLK4/TRDY2,UNUSED,,3,,,,,,,,,
P21,,DIFFS,IO_L06N_3/LHCLK5,UNUSED,,3,,,,,,,,,
P22,,DIFFM,IO_L07P_3/LHCLK6,UNUSED,,3,,,,,,,,,
P23,,DIFFS,IO_L07N_3/LHCLK7,UNUSED,,3,,,,,,,,,
P24,,IBUF,IP,UNUSED,,3,,,,,,,,,
P25,,DIFFM,IO_L08P_3,UNUSED,,3,,,,,,,,,
P26,,DIFFS,IO_L08N_3,UNUSED,,3,,,,,,,,,
P27,,,GND,,,,,,,,,,,,
P28,,,VCCO_3,,,3,,,,,2.50,,,,
P29,,IBUF,IP,UNUSED,,3,,,,,,,,,
P30,,,VCCAUX,,,,,,,,2.5,,,,
P31,,IOB,IO/VREF_3,UNUSED,,3,,,,,,,,,
P32,,DIFFM,IO_L09P_3,UNUSED,,3,,,,,,,,,
P33,,DIFFS,IO_L09N_3,UNUSED,,3,,,,,,,,,
P34,,DIFFM,IO_L10P_3,UNUSED,,3,,,,,,,,,
P35,,DIFFS,IO_L10N_3,UNUSED,,3,,,,,,,,,
P36,,IBUF,IP,UNUSED,,3,,,,,,,,,
P37,,,GND,,,,,,,,,,,,
P38,,IBUF,IP,UNUSED,,2,,,,,,,,,
P39,,DIFFM,IO_L01P_2/CSO_B,UNUSED,,2,,,,,,,,,
P40,,DIFFS,IO_L01N_2/INIT_B,UNUSED,,2,,,,,,,,,
P41,,DIFFSI,IP,UNUSED,,2,,,,,,,,,
P42,,,VCCO_2,,,2,,,,,2.50,,,,
P43,deg<4>,IOB,IO_L02P_2/DOUT/BUSY,OUTPUT,LVCMOS25*,2,12,SLOW,NONE**,,,LOCATED,NO,NONE,
P44,,DIFFS,IO_L02N_2/MOSI/CSI_B,UNUSED,,2,,,,,,,,,
P45,,,VCCINT,,,,,,,,1.2,,,,
P46,,,GND,,,,,,,,,,,,
P47,,DIFFMI,IP_L03P_2,UNUSED,,2,,,,,,,,,
P48,,DIFFSI,IP_L03N_2/VREF_2,UNUSED,,2,,,,,,,,,
P49,,,VCCO_2,,,2,,,,,2.50,,,,
P50,,DIFFM,IO_L04P_2/D7/GCLK12,UNUSED,,2,,,,,,,,,
P51,,DIFFS,IO_L04N_2/D6/GCLK13,UNUSED,,2,,,,,,,,,
P52,dig<6>,IOB,IO/D5,OUTPUT,LVCMOS25*,2,12,SLOW,NONE**,,,LOCATED,NO,NONE,
P53,dig<0>,IOB,IO_L05P_2/D4/GCLK14,OUTPUT,LVCMOS25*,2,12,SLOW,NONE**,,,LOCATED,NO,NONE,
P54,dig<1>,IOB,IO_L05N_2/D3/GCLK15,OUTPUT,LVCMOS25*,2,12,SLOW,NONE**,,,LOCATED,NO,NONE,
P55,,,GND,,,,,,,,,,,,
P56,csignal,IBUF,IP_L06P_2/RDWR_B/GCLK0,INPUT,LVCMOS25*,2,,,,NONE,,LOCATED,NO,NONE,
P57,,DIFFSI,IP_L06N_2/M2/GCLK1,UNUSED,,2,,,,,,,,,
P58,dig<4>,IOB,IO_L07P_2/D2/GCLK2,OUTPUT,LVCMOS25*,2,12,SLOW,NONE**,,,LOCATED,NO,NONE,
P59,,DIFFS,IO_L07N_2/D1/GCLK3,UNUSED,,2,,,,,,,,,
P60,,IOB,IO/M1,UNUSED,,2,,,,,,,,,
P61,,,GND,,,,,,,,,,,,
P62,,DIFFM,IO_L08P_2/M0,UNUSED,,2,,,,,,,,,
P63,,DIFFS,IO_L08N_2/DIN/D0,UNUSED,,2,,,,,,,,,
P64,,,VCCO_2,,,2,,,,,2.50,,,,
P65,,,VCCAUX,,,,,,,,2.5,,,,
P66,dpout,IOB,IO/VREF_2,OUTPUT,LVCMOS25*,2,12,SLOW,NONE**,,,LOCATED,NO,NONE,
P67,,DIFFM,IO_L09P_2/VS2/A19,UNUSED,,2,,,,,,,,,
P68,,DIFFS,IO_L09N_2/VS1/A18,UNUSED,,2,,,,,,,,,
P69,,IBUF,IP,UNUSED,,2,,,,,,,,,
P70,,DIFFM,IO_L10P_2/VS0/A17,UNUSED,,2,,,,,,,,,
P71,,DIFFS,IO_L10N_2/CCLK,UNUSED,,2,,,,,,,,,
P72,,,DONE,,,,,,,,,,,,
P73,,,GND,,,,,,,,,,,,
P74,deg<5>,IOB,IO_L01P_1/A16,OUTPUT,LVCMOS25*,1,12,SLOW,NONE**,,,LOCATED,NO,NONE,
P75,dig<5>,IOB,IO_L01N_1/A15,OUTPUT,LVCMOS25*,1,12,SLOW,NONE**,,,LOCATED,NO,NONE,
P76,dig<3>,IOB,IO_L02P_1/A14,OUTPUT,LVCMOS25*,1,12,SLOW,NONE**,,,LOCATED,NO,NONE,
P77,dig<2>,IOB,IO_L02N_1/A13,OUTPUT,LVCMOS25*,1,12,SLOW,NONE**,,,LOCATED,NO,NONE,
P78,,IBUF,IP,UNUSED,,1,,,,,,,,,
P79,,,VCCO_1,,,1,,,,,2.50,,,,
P80,,,VCCINT,,,,,,,,1.2,,,,
P81,deg<0>,IOB,IO_L03P_1/A12,OUTPUT,LVCMOS25*,1,12,SLOW,NONE**,,,LOCATED,NO,NONE,
P82,deg<3>,IOB,IO_L03N_1/A11,OUTPUT,LVCMOS25*,1,12,SLOW,NONE**,,,LOCATED,NO,NONE,
P83,deg<2>,IOB,IO/VREF_1,OUTPUT,LVCMOS25*,1,12,SLOW,NONE**,,,LOCATED,NO,NONE,
P84,,IBUF,IP,UNUSED,,1,,,,,,,,,
P85,deg<1>,IOB,IO_L04P_1/A10/RHCLK0,OUTPUT,LVCMOS25*,1,12,SLOW,NONE**,,,LOCATED,NO,NONE,
P86,,DIFFS,IO_L04N_1/A9/RHCLK1,UNUSED,,1,,,,,,,,,
P87,,DIFFM,IO_L05P_1/A8/RHCLK2,UNUSED,,1,,,,,,,,,
P88,,DIFFS,IO_L05N_1/A7/RHCLK3/TRDY1,UNUSED,,1,,,,,,,,,
P89,,IBUF,IP,UNUSED,,1,,,,,,,,,
P90,,,GND,,,,,,,,,,,,
P91,,DIFFM,IO_L06P_1/A6/RHCLK4/IRDY1,UNUSED,,1,,,,,,,,,
P92,,DIFFS,IO_L06N_1/A5/RHCLK5,UNUSED,,1,,,,,,,,,
P93,,DIFFM,IO_L07P_1/A4/RHCLK6,UNUSED,,1,,,,,,,,,
P94,,DIFFS,IO_L07N_1/A3/RHCLK7,UNUSED,,1,,,,,,,,,
P95,,IBUF,IP/VREF_1,UNUSED,,1,,,,,,,,,
P96,,DIFFM,IO_L08P_1/A2,UNUSED,,1,,,,,,,,,
P97,,DIFFS,IO_L08N_1/A1,UNUSED,,1,,,,,,,,,
P98,,DIFFS,IO/A0,UNUSED,,1,,,,,,,,,
P99,,,GND,,,,,,,,,,,,
P100,,,VCCO_1,,,1,,,,,2.50,,,,
P101,,IBUF,IP,UNUSED,,1,,,,,,,,,
P102,,,VCCAUX,,,,,,,,2.5,,,,
P103,,DIFFM,IO_L09P_1/HDC,UNUSED,,1,,,,,,,,,
P104,,DIFFS,IO_L09N_1/LDC0,UNUSED,,1,,,,,,,,,
P105,,DIFFM,IO_L10P_1/LDC1,UNUSED,,1,,,,,,,,,
P106,,DIFFS,IO_L10N_1/LDC2,UNUSED,,1,,,,,,,,,
P107,,IBUF,IP,UNUSED,,1,,,,,,,,,
P108,,,TMS,,,,,,,,,,,,
P109,,,TDO,,,,,,,,,,,,
P110,,,TCK,,,,,,,,,,,,
P111,,IBUF,IP,UNUSED,,0,,,,,,,,,
P112,,DIFFM,IO_L01P_0,UNUSED,,0,,,,,,,,,
P113,,DIFFS,IO_L01N_0,UNUSED,,0,,,,,,,,,
P114,,IBUF,IP,UNUSED,,0,,,,,,,,,
P115,,,VCCINT,,,,,,,,1.2,,,,
P116,,DIFFM,IO_L02P_0,UNUSED,,0,,,,,,,,,
P117,,DIFFS,IO_L02N_0,UNUSED,,0,,,,,,,,,
P118,,,GND,,,,,,,,,,,,
P119,,DIFFMI,IP_L03P_0,UNUSED,,0,,,,,,,,,
P120,,DIFFSI,IP_L03N_0,UNUSED,,0,,,,,,,,,
P121,,,VCCO_0,,,0,,,,,2.50,,,,
P122,,DIFFM,IO_L04P_0/GCLK4,UNUSED,,0,,,,,,,,,
P123,,DIFFS,IO_L04N_0/GCLK5,UNUSED,,0,,,,,,,,,
P124,,IOB,IO/VREF_0,UNUSED,,0,,,,,,,,,
P125,,DIFFM,IO_L05P_0/GCLK6,UNUSED,,0,,,,,,,,,
P126,,DIFFS,IO_L05N_0/GCLK7,UNUSED,,0,,,,,,,,,
P127,,,GND,,,,,,,,,,,,
P128,clockin,IBUF,IP_L06P_0/GCLK8,INPUT,LVCMOS25*,0,,,,NONE,,LOCATED,NO,NONE,
P129,,DIFFSI,IP_L06N_0/GCLK9,UNUSED,,0,,,,,,,,,
P130,,DIFFM,IO_L07P_0/GCLK10,UNUSED,,0,,,,,,,,,
P131,,DIFFS,IO_L07N_0/GCLK11,UNUSED,,0,,,,,,,,,
P132,,IOB,IO,UNUSED,,0,,,,,,,,,
P133,,,GND,,,,,,,,,,,,
P134,,DIFFM,IO_L08P_0,UNUSED,,0,,,,,,,,,
P135,,DIFFS,IO_L08N_0/VREF_0,UNUSED,,0,,,,,,,,,
P136,s<2>,IBUF,IP,INPUT,LVCMOS25*,0,,,,NONE,,LOCATED,NO,NONE,
P137,,,VCCAUX,,,,,,,,2.5,,,,
P138,,,VCCO_0,,,0,,,,,2.50,,,,
P139,,DIFFM,IO_L09P_0,UNUSED,,0,,,,,,,,,
P140,,DIFFS,IO_L09N_0,UNUSED,,0,,,,,,,,,
P141,s<1>,IBUF,IP,INPUT,LVCMOS25*,0,,,,NONE,,LOCATED,NO,NONE,
P142,,DIFFM,IO_L10P_0,UNUSED,,0,,,,,,,,,
P143,,DIFFS,IO_L10N_0/HSWAP,UNUSED,,0,,,,,,,,,
P144,,,TDI,,,,,,,,,,,,

# -----,-----,-----,-----,-----,-----,-----,-----,-----,-----,-----,-----,-----,-----,-----,
# 
#* Default value.
#** This default Pullup/Pulldown value can be overridden in Bitgen. 
#****** Special VCCO requirements may apply. Please consult the device 
#       family datasheet for specific guideline on VCCO requirements. 
#
#
#